method,time_seconds
serial,0.5203299522399902
2,0.2972114086151123
3,0.21869373321533203
4,0.17880916595458984
6,0.14223599433898926
